request_id,model_type,priority,arrival_offset_ms,total_latency_ms,inference_ms,sla_ms,sla_violated,batch_size,scheduler_mode
req_00000,imaging,LOW,120.21043019829975,17.476525000063702,17.11960500006171,1000,False,1,fifo
req_00001,icu,HIGH,237.0199129895224,1.3430109999608248,1.1208720000013273,250,False,1,fifo
req_00002,nlp,MID,356.25796298323513,9.29037700011395,9.201285000017378,500,False,1,fifo
req_00003,icu,HIGH,370.2476774758143,0.9824429999571294,0.8599499999490945,250,False,1,fifo
req_00004,icu,HIGH,374.5695474607332,0.9058780001942068,0.8078180001120927,250,False,1,fifo
req_00005,imaging,LOW,447.20257324604074,17.966556000057608,17.626605000032214,1000,False,1,fifo
req_00006,imaging,LOW,517.7006079589194,17.531675999984145,17.175271000041903,1000,False,1,fifo
req_00007,imaging,LOW,673.9154057863943,17.727007000008598,17.374192000033872,1000,False,1,fifo
req_00008,icu,HIGH,677.8801156455697,0.9945430001243949,0.8700009998392488,250,False,1,fifo
req_00009,icu,HIGH,730.208157972728,1.1512060000095516,0.9736250001424196,250,False,1,fifo
req_00010,nlp,MID,733.7299733126183,8.664454999845475,8.625754999911805,500,False,1,fifo
req_00011,icu,HIGH,788.1811547138163,1.1712229999247938,0.9714759999042144,250,False,1,fifo
req_00012,icu,HIGH,874.7475223580068,1.2752159999217838,1.0033920000296348,250,False,1,fifo
req_00013,imaging,LOW,894.0922635875024,17.42062299977988,17.163256000003457,1000,False,1,fifo
req_00014,imaging,LOW,955.671546720581,16.83107200008817,16.54986700009431,1000,False,1,fifo
req_00015,nlp,MID,963.3602094118922,8.557510999962687,8.525205000069036,500,False,1,fifo
req_00016,nlp,MID,967.9390727814018,9.10331100015901,9.074016999875312,500,False,1,fifo
req_00017,imaging,LOW,983.6980328880214,17.531574999913573,17.335341999796583,1000,False,1,fifo
req_00018,icu,HIGH,1028.7579966565293,1.1430669999681413,1.0397400001238566,250,False,1,fifo
req_00019,nlp,MID,1049.4072631434537,8.986505000153556,8.942904999912571,500,False,1,fifo
req_00020,icu,HIGH,1111.776560634135,1.3832529997453094,1.1283690000709612,250,False,1,fifo
req_00021,imaging,LOW,1122.9553792447512,17.378481999970973,17.085115000099904,1000,False,1,fifo
req_00022,nlp,MID,1214.8538924519744,9.39215200021863,9.31111999989298,500,False,1,fifo
req_00023,nlp,MID,1276.2081856126872,9.20576100004837,9.135169000046517,500,False,1,fifo
req_00024,imaging,LOW,1308.9979933108373,17.25293099996634,16.941590000215,1000,False,1,fifo
req_00025,imaging,LOW,1329.852328626428,16.530276000034064,16.273361000003206,1000,False,1,fifo
req_00026,imaging,LOW,1352.5183130913415,17.14293899992481,16.87617099992167,1000,False,1,fifo
req_00027,imaging,LOW,1356.372170444124,16.096579999662936,15.911336999806736,1000,False,1,fifo
req_00028,imaging,LOW,1365.3537831628516,16.478141999803483,16.281545000083497,1000,False,1,fifo
req_00029,imaging,LOW,1399.6198057430643,16.071411000099033,15.91214600011881,1000,False,1,fifo
req_00030,nlp,MID,1419.053817551055,8.703657999867573,8.668821999890497,500,False,1,fifo
req_00031,nlp,MID,1482.2641604293106,9.404630000237375,9.318437000047197,500,False,1,fifo
req_00032,imaging,LOW,1517.6886918001169,17.233364999992773,16.850172999966162,1000,False,1,fifo
req_00033,nlp,MID,1529.5851895150176,8.463448999915272,8.416511999939758,500,False,1,fifo
req_00034,imaging,LOW,1552.6396063278912,17.19265600014478,16.83825500003877,1000,False,1,fifo
req_00035,icu,HIGH,1584.7174431874168,1.2207100000232458,1.0923459999503393,250,False,1,fifo
req_00036,nlp,MID,1601.9091112593067,8.805287000024691,8.688864999840007,500,False,1,fifo
req_00037,imaging,LOW,1618.004672304622,17.25677099986933,16.913391000116462,1000,False,1,fifo
req_00038,imaging,LOW,1661.9504064142493,17.142861999804154,16.775637999899118,1000,False,1,fifo
req_00039,imaging,LOW,1676.7977668606893,16.683328000130132,16.49073699991277,1000,False,1,fifo
req_00040,nlp,MID,1743.4828881122835,9.176541999913752,9.081002000129956,500,False,1,fifo
req_00041,imaging,LOW,1813.026087424579,17.61351799988188,17.258017999893127,1000,False,1,fifo
req_00042,nlp,MID,1867.2302338228385,9.40351100009866,9.338450999848646,500,False,1,fifo
req_00043,nlp,MID,1870.8816512218605,8.854164999909699,8.819328000072346,500,False,1,fifo
req_00044,imaging,LOW,1927.585026307998,17.476654999889433,17.180650999989666,1000,False,1,fifo
req_00045,imaging,LOW,1995.3019257012568,17.65251100016758,17.309230999899228,1000,False,1,fifo
req_00046,icu,HIGH,2051.403908274128,1.2820669999346137,1.1283640001238382,250,False,1,fifo
req_00047,imaging,LOW,2065.406364285949,18.63984700012952,18.42084200006866,1000,False,1,fifo
req_00048,imaging,LOW,2081.453173837751,16.4158489999827,16.248652000058428,1000,False,1,fifo
req_00049,nlp,MID,2089.739969202831,8.550089000025764,8.518963000142321,500,False,1,fifo
req_00050,nlp,MID,2107.4581448374042,9.132248000008985,9.105158000011215,500,False,1,fifo
req_00051,nlp,MID,2108.515132657894,8.45573200029321,8.413644000029308,500,False,1,fifo
req_00052,imaging,LOW,2116.8829524636794,17.673501000041142,17.424927999854845,1000,False,1,fifo
req_00053,imaging,LOW,2182.6357946910375,17.717843000078574,17.31439299987869,1000,False,1,fifo
req_00054,nlp,MID,2382.4236082502794,9.464704000158235,9.37297500013301,500,False,1,fifo
req_00055,imaging,LOW,2410.6005128697107,17.82941499981098,17.389512999898216,1000,False,1,fifo
req_00056,nlp,MID,2424.8024979497523,8.617176000028849,8.575040999858174,500,False,1,fifo
req_00057,nlp,MID,2444.690310645114,8.679755999939516,8.637257999907888,500,False,1,fifo
req_00058,imaging,LOW,2462.75742179186,17.03917900007218,16.723622999961663,1000,False,1,fifo
req_00059,nlp,MID,2469.23910195304,8.402216000016779,8.373996000045736,500,False,1,fifo
req_00060,nlp,MID,2523.4053586966206,8.849041999783367,8.78585300006307,500,False,1,fifo
req_00061,icu,HIGH,2592.197801372493,1.4824850000441074,1.2449910000214004,250,False,1,fifo
req_00062,icu,HIGH,2667.588257904633,1.3937819998245686,1.1811940000825416,250,False,1,fifo
req_00063,imaging,LOW,2933.0823976926217,17.47046099975705,17.11643999988155,1000,False,1,fifo
req_00064,imaging,LOW,3038.41540943146,18.8729450001847,18.5040400001526,1000,False,1,fifo
req_00065,imaging,LOW,3120.658701456239,17.581079999916255,17.162616000177877,1000,False,1,fifo
req_00066,nlp,MID,3172.833275555069,9.002991999965161,8.91032799995628,500,False,1,fifo
req_00067,nlp,MID,3202.459485503109,8.669763999991119,8.60249099991961,500,False,1,fifo
req_00068,imaging,LOW,3204.6821633167015,18.713210999965668,18.508531999941624,1000,False,1,fifo
req_00069,icu,HIGH,3252.5123026577116,1.1874470002949238,1.0480160001407057,250,False,1,fifo
req_00070,nlp,MID,3283.581457032359,8.54943500016816,8.498054000028787,500,False,1,fifo
req_00071,imaging,LOW,3358.979525787838,18.2635879998561,17.911768999965716,1000,False,1,fifo
req_00072,icu,HIGH,3460.3796048456506,1.5103499998804182,1.2686960001246916,250,False,1,fifo
req_00073,icu,HIGH,3476.983045580514,1.1378509998321533,1.0002440001244395,250,False,1,fifo
req_00074,imaging,LOW,3479.4705816407004,17.68063300009817,17.484944999978325,1000,False,1,fifo
req_00075,imaging,LOW,3525.711693396839,17.642061000224203,17.29900199984513,1000,False,1,fifo
req_00076,nlp,MID,3653.382663386542,9.115484999958426,9.026635000054739,500,False,1,fifo
req_00077,imaging,LOW,3694.436243216965,17.190275999950245,16.87817299989547,1000,False,1,fifo
req_00078,imaging,LOW,3800.983387509184,17.348526999820024,16.990271000167922,1000,False,1,fifo
req_00079,imaging,LOW,3838.6341247761757,30.2674700000789,29.920285999878615,1000,False,1,fifo
req_00080,imaging,LOW,3904.333827158371,22.52709300001152,22.082093000108216,1000,False,1,fifo
req_00081,icu,HIGH,3918.772976892561,1.1764209996908903,1.0347280001496983,250,False,1,fifo
req_00082,imaging,LOW,3925.4938394344954,17.612847999902442,17.4329740000303,1000,False,1,fifo
req_00083,imaging,LOW,3932.61788107151,17.08222799981013,16.916658000127427,1000,False,1,fifo
req_00084,imaging,LOW,3938.501996975265,18.299667000072077,18.13713500018821,1000,False,1,fifo
req_00085,nlp,MID,3941.235652920941,8.880930000217631,8.827191999898787,500,False,1,fifo
req_00086,icu,HIGH,4027.0653124956652,1.254717000061646,1.0747720000381378,250,False,1,fifo
req_00087,nlp,MID,4049.4960624340115,9.31235000002198,9.252775999812002,500,False,1,fifo
req_00088,icu,HIGH,4068.802625567266,1.2246340001001954,1.0953280000194354,250,False,1,fifo
req_00089,imaging,LOW,4115.550592296832,17.79295499995351,17.410724999990634,1000,False,1,fifo
req_00090,imaging,LOW,4124.913965070242,16.615071000065655,16.40108600008716,1000,False,1,fifo
req_00091,imaging,LOW,4220.828587162824,18.845146000152454,18.4058309998818,1000,False,1,fifo
req_00092,imaging,LOW,4285.426389134846,17.25577299995348,16.956544000095164,1000,False,1,fifo
req_00093,imaging,LOW,4301.888498934882,17.598967999918386,17.303394000009575,1000,False,1,fifo
req_00094,icu,HIGH,4311.918089653504,1.027508000144735,0.9469390001868305,250,False,1,fifo
req_00095,imaging,LOW,4338.469070116931,17.043443999951705,16.754476999949475,1000,False,1,fifo
req_00096,imaging,LOW,4353.71061360727,16.659229999873787,16.426421000005575,1000,False,1,fifo
req_00097,imaging,LOW,4357.497548551887,16.470532999839634,16.330273999983547,1000,False,1,fifo
req_00098,icu,HIGH,4382.675538474492,1.0071739999111742,0.9435849999590573,250,False,1,fifo
req_00099,nlp,MID,4495.2694667095475,9.239125999854878,9.152720999964004,500,False,1,fifo
req_00100,imaging,LOW,4545.711963577565,17.362140000099316,16.97276099980627,1000,False,1,fifo
req_00101,imaging,LOW,4699.832524858173,17.54648599983193,17.08915600011096,1000,False,1,fifo
req_00102,imaging,LOW,4802.154141114831,17.434826999902725,17.013182000027882,1000,False,1,fifo
req_00103,icu,HIGH,4858.04874605691,1.3683140000794083,1.1546799998995994,250,False,1,fifo
req_00104,nlp,MID,4950.5787658119025,9.179178999969736,9.082145000093078,500,False,1,fifo
req_00105,icu,HIGH,4986.925299990247,1.3003889999818057,1.0842560000128287,250,False,1,fifo
req_00106,nlp,MID,5040.317762790296,10.113048000261188,10.02246500002002,500,False,1,fifo
req_00107,nlp,MID,5059.328707098043,8.692113999975845,8.642614000109461,500,False,1,fifo
req_00108,imaging,LOW,5070.281413685318,19.82404699991457,19.57604100016397,1000,False,1,fifo
req_00109,imaging,LOW,5177.527282881475,18.32422999991104,17.824656000129835,1000,False,1,fifo
req_00110,icu,HIGH,5184.542430979988,1.0817569999489933,0.9648070001730957,250,False,1,fifo
req_00111,nlp,MID,5193.937380730512,9.271885000169277,9.240202000000863,500,False,1,fifo
req_00112,imaging,LOW,5209.449467609296,16.78424399998039,16.506711999909385,1000,False,1,fifo
req_00113,imaging,LOW,5257.824436617985,17.28286199993454,16.940767000050982,1000,False,1,fifo
req_00114,icu,HIGH,5278.516390419008,1.1155850000213832,1.0185359999468346,250,False,1,fifo
req_00115,imaging,LOW,5312.740537184756,17.063875999767333,16.71930399993471,1000,False,1,fifo
req_00116,imaging,LOW,5420.729482230992,18.07038600021042,17.648495000003095,1000,False,1,fifo
req_00117,icu,HIGH,5497.815494032706,1.3519339999184012,1.1126330000479356,250,False,1,fifo
req_00118,imaging,LOW,5556.37784355209,17.026148999808356,16.76461300007759,1000,False,1,fifo
req_00119,imaging,LOW,5564.925340075021,16.583057000068948,16.4189049999095,1000,False,1,fifo
req_00120,imaging,LOW,5624.39638690967,16.90506300004199,16.608992000101352,1000,False,1,fifo
req_00121,imaging,LOW,5647.1203034896635,17.842207999899983,17.620437999994465,1000,False,1,fifo
req_00122,imaging,LOW,5653.308483334353,17.129023999907076,16.958735000116576,1000,False,1,fifo
req_00123,imaging,LOW,5673.279769237202,16.810725999996066,16.55595700003687,1000,False,1,fifo
req_00124,imaging,LOW,5676.807641046768,16.254383000079542,16.064605999872583,1000,False,1,fifo
req_00125,nlp,MID,5722.561898552817,8.849466999992728,8.79999299991141,500,False,1,fifo
req_00126,nlp,MID,5771.145744627128,9.09808999998495,9.02847399993334,500,False,1,fifo
req_00127,nlp,MID,5785.860750092377,8.510491999797523,8.464381000067078,500,False,1,fifo
req_00128,nlp,MID,5788.152820943683,8.129403000231832,8.102508999854763,500,False,1,fifo
req_00129,icu,HIGH,5924.61834329321,1.5409140002448112,1.3073249999706604,250,False,1,fifo
req_00130,imaging,LOW,5965.0083012699,17.76999199995771,17.437405000009676,1000,False,1,fifo
req_00131,imaging,LOW,6039.411940759431,17.654893999919295,17.333928000198284,1000,False,1,fifo
req_00132,icu,HIGH,6057.051685064975,1.026825999841094,0.9458199999698991,250,False,1,fifo
req_00133,imaging,LOW,6140.871728229876,17.567028999794275,17.16172800001914,1000,False,1,fifo
req_00134,icu,HIGH,6222.935298710681,1.3489109999500215,1.1386410001250624,250,False,1,fifo
req_00135,icu,HIGH,6227.591907678742,1.1020549999084324,0.9880610000436718,250,False,1,fifo
req_00136,icu,HIGH,6499.171391279646,1.4819830001797527,1.259634999996706,250,False,1,fifo
req_00137,nlp,MID,6532.851200185427,9.119703999953344,9.036193000156345,500,False,1,fifo
req_00138,nlp,MID,6602.739121348936,8.967758999904618,8.886730000085663,500,False,1,fifo
req_00139,nlp,MID,6614.924068931996,8.184529999736696,8.146182000018598,500,False,1,fifo
req_00140,imaging,LOW,6664.115136251655,16.754145000129938,16.47787599995354,1000,False,1,fifo
req_00141,imaging,LOW,6678.427285683988,16.122818999923766,15.928001000020231,1000,False,1,fifo
req_00142,imaging,LOW,6759.124532556123,16.660159000195563,16.37318400003096,1000,False,1,fifo
req_00143,nlp,MID,6782.278310160238,8.635007000062615,8.584239999890997,500,False,1,fifo
req_00144,imaging,LOW,6821.2331695408675,16.990480000153184,16.70092100016518,1000,False,1,fifo
req_00145,icu,HIGH,6847.636698211655,1.2171389998402447,1.1031689998617367,250,False,1,fifo
req_00146,icu,HIGH,6885.312200771186,1.3985480000264943,1.1974010001267743,250,False,1,fifo
req_00147,nlp,MID,6908.927247671431,8.821485999971628,8.760746000007202,500,False,1,fifo
req_00148,nlp,MID,6939.576944475026,8.517845999915153,8.465340999919135,500,False,1,fifo
req_00149,imaging,LOW,6941.013020048356,18.202628000173718,18.00544900015666,1000,False,1,fifo
req_00150,imaging,LOW,7020.388469073356,17.32373599987477,17.00542700018559,1000,False,1,fifo
req_00151,icu,HIGH,7145.870888490267,1.4655539998784661,1.2194040000395034,250,False,1,fifo
req_00152,nlp,MID,7174.918865126822,9.0360459999647,8.95662299990363,500,False,1,fifo
req_00153,imaging,LOW,7345.123329961496,17.657079000025988,17.285185999980968,1000,False,1,fifo
req_00154,icu,HIGH,7353.527654767884,1.07667600014247,0.9946420000233047,250,False,1,fifo
req_00155,icu,HIGH,7492.760035214716,1.4699529998470098,1.1805739998180798,250,False,1,fifo
req_00156,imaging,LOW,7510.977756930907,17.39634200022556,17.130921000216404,1000,False,1,fifo
req_00157,icu,HIGH,7544.410669938016,1.135950000025332,1.0104400000727765,250,False,1,fifo
req_00158,icu,HIGH,7666.260384525585,1.4303530000615865,1.2266449998605822,250,False,1,fifo
req_00159,nlp,MID,7672.6066311721,8.796801999909803,8.75083200003246,500,False,1,fifo
req_00160,nlp,MID,7682.1558791761645,8.563693000003695,8.527384000217353,500,False,1,fifo
req_00161,icu,HIGH,7749.28231184873,1.3582900001201779,1.1634469999535213,250,False,1,fifo
req_00162,imaging,LOW,7798.4012579237715,17.76828099996783,17.498057000011613,1000,False,1,fifo
req_00163,imaging,LOW,7812.799699911067,17.050038000103086,16.86991599990506,1000,False,1,fifo
req_00164,icu,HIGH,7834.967614570479,1.1597570001613349,1.057944999956817,250,False,1,fifo
req_00165,icu,HIGH,7872.460167106083,1.3017210001125932,1.1380819998976222,250,False,1,fifo
req_00166,imaging,LOW,7967.447936189362,17.66405399981886,17.299291999961497,1000,False,1,fifo
req_00167,nlp,MID,7985.363956207415,8.879326999885961,8.83459400006359,500,False,1,fifo
req_00168,nlp,MID,8023.617198918675,8.766775000141934,8.702215999846885,500,False,1,fifo
req_00169,imaging,LOW,8041.326459940528,17.682005000067875,17.403124000111347,1000,False,1,fifo
req_00170,imaging,LOW,8056.542385608122,16.66225999989547,16.498559000183377,1000,False,1,fifo
req_00171,icu,HIGH,8163.219495336529,1.4199469999875873,1.19745500001045,250,False,1,fifo
req_00172,icu,HIGH,8191.048647224698,1.2268070001155138,1.0696330000428134,250,False,1,fifo
req_00173,nlp,MID,8258.019910647705,9.467556999996305,9.359404999941034,500,False,1,fifo
req_00174,nlp,MID,8273.155039536343,9.027778999879956,8.979547000080856,500,False,1,fifo
req_00175,imaging,LOW,8282.4567942369,17.85292199999094,17.551727999943978,1000,False,1,fifo
req_00176,nlp,MID,8339.577185296348,9.574520000023767,9.505273000058878,500,False,1,fifo
req_00177,nlp,MID,8410.449858603768,8.851367000024766,8.775413999956072,500,False,1,fifo
req_00178,imaging,LOW,8457.994180846385,17.421362000051886,17.04950800012739,1000,False,1,fifo
req_00179,imaging,LOW,8517.361761497985,17.12812800006941,16.791067999974985,1000,False,1,fifo
req_00180,imaging,LOW,8568.30438276655,17.73564700013958,17.38175099990258,1000,False,1,fifo
req_00181,icu,HIGH,8622.902180316156,1.260374000063166,1.076597000064794,250,False,1,fifo
req_00182,imaging,LOW,8735.636310390895,17.5446280001197,17.085204000068188,1000,False,1,fifo
req_00183,imaging,LOW,8876.809762878069,17.880982999922708,17.460667000023022,1000,False,1,fifo
req_00184,imaging,LOW,8909.927629906182,17.376654000021517,17.10190300013892,1000,False,1,fifo
req_00185,icu,HIGH,8914.464876781292,1.0196460001170635,0.9516869999970368,250,False,1,fifo
req_00186,imaging,LOW,8984.651592036189,16.95931399986148,16.551443000025756,1000,False,1,fifo
req_00187,icu,HIGH,9026.961271340258,1.1975119998678565,1.0541609999563661,250,False,1,fifo
req_00188,icu,HIGH,9148.984600695863,1.3684359998442233,1.148174000036306,250,False,1,fifo
req_00189,imaging,LOW,9201.208269994653,17.445876999991015,17.167965999988155,1000,False,1,fifo
req_00190,imaging,LOW,9208.221751240819,16.5036779998336,16.31874500003505,1000,False,1,fifo
req_00191,nlp,MID,9260.682120381023,9.106084000086412,9.043643000040902,500,False,1,fifo
req_00192,imaging,LOW,9289.30435585289,17.33811799995601,17.11207700009254,1000,False,1,fifo
req_00193,imaging,LOW,9295.061162824366,16.915055999998003,16.734687000052872,1000,False,1,fifo
req_00194,imaging,LOW,9308.753668330697,16.49885300011374,16.332629999851633,1000,False,1,fifo
req_00195,icu,HIGH,9482.555647990457,1.6005049999803305,1.3607119999505812,250,False,1,fifo
req_00196,icu,HIGH,9502.702010971301,1.2636559999082237,1.0965909998503776,250,False,1,fifo
req_00197,imaging,LOW,9515.606554615984,17.65113399969414,17.322188999969512,1000,False,1,fifo
req_00198,imaging,LOW,9537.81185340606,17.199703000253066,16.900725999903443,1000,False,1,fifo
req_00199,nlp,MID,9641.179572147055,9.322151999920607,9.237425000037547,500,False,1,fifo
req_00200,nlp,MID,9695.621380975694,8.859440999804065,8.787970999946992,500,False,1,fifo
req_00201,nlp,MID,9705.506635445494,8.811369000002742,8.76720800010844,500,False,1,fifo
req_00202,icu,HIGH,9705.913106587144,1.0753279998898506,0.9912589998748444,250,False,1,fifo
req_00203,imaging,LOW,9727.814282365545,17.376824999926612,17.1079470001132,1000,False,1,fifo
req_00204,nlp,MID,9735.34562990547,8.640436000190675,8.608140999967873,500,False,1,fifo
req_00205,icu,HIGH,9838.718734005388,1.5009300000965595,1.2536220001493348,250,False,1,fifo
req_00206,imaging,LOW,9844.048143815227,18.495714999968186,18.178644000045097,1000,False,1,fifo
req_00207,imaging,LOW,9878.260273325746,18.335552000207826,18.06753200003186,1000,False,1,fifo
req_00208,icu,HIGH,9929.136646694338,1.186928000068292,1.0365880000335892,250,False,1,fifo
req_00209,imaging,LOW,10072.63691638718,17.66546000004746,17.35572300003696,1000,False,1,fifo
req_00210,imaging,LOW,10087.160824206605,18.69352399976924,18.49425299997165,1000,False,1,fifo
req_00211,icu,HIGH,10173.949819192248,1.3509659999981523,1.1392440001145587,250,False,1,fifo
req_00212,nlp,MID,10212.133287792858,9.325306999962777,9.255004000124245,500,False,1,fifo
req_00213,imaging,LOW,10298.634289895495,17.60961899999529,17.19466800000191,1000,False,1,fifo
req_00214,nlp,MID,10316.540793294334,9.14807999972254,9.110607999900822,500,False,1,fifo
req_00215,nlp,MID,10333.179242761547,8.635506000136957,8.598511999934999,500,False,1,fifo
req_00216,imaging,LOW,10345.817894036813,17.297095000045374,17.052211999953215,1000,False,1,fifo
req_00217,imaging,LOW,10398.01273513234,16.765134000219405,16.451247000077274,1000,False,1,fifo
req_00218,imaging,LOW,10430.494065637104,16.71279300027527,16.41736199985644,1000,False,1,fifo
req_00219,imaging,LOW,10473.798031260358,17.13356600003317,16.863442000158102,1000,False,1,fifo
req_00220,icu,HIGH,10537.939450004622,1.2781579997390509,1.0987360001308843,250,False,1,fifo
req_00221,imaging,LOW,10595.643321854324,17.419320999644697,16.996764999930747,1000,False,1,fifo
req_00222,nlp,MID,10647.908236186555,9.081252999836579,8.963245999893843,500,False,1,fifo
req_00223,imaging,LOW,10717.84561817368,17.76569000002928,17.29341899999781,1000,False,1,fifo
req_00224,icu,HIGH,10719.567459345953,1.0470989998430014,0.9631329999137961,250,False,1,fifo
req_00225,icu,HIGH,10794.814452040267,1.3714559997897595,1.1207090001335018,250,False,1,fifo
req_00226,icu,HIGH,10859.835015871435,1.3838869999162853,1.1264560000654456,250,False,1,fifo
req_00227,imaging,LOW,10881.768173027656,18.817152000032365,18.47884900007557,1000,False,1,fifo
req_00228,nlp,MID,10893.754540864138,8.901467999909073,8.861488999855283,500,False,1,fifo
req_00229,nlp,MID,10929.285261647125,8.713996999897063,8.66510300011214,500,False,1,fifo
req_00230,nlp,MID,11030.570048954058,8.876615999964997,8.800218000033055,500,False,1,fifo
req_00231,imaging,LOW,11046.866452132172,17.764429999981076,17.479509999930087,1000,False,1,fifo
req_00232,nlp,MID,11118.53091403477,9.10168100008741,9.024676000080945,500,False,1,fifo
req_00233,icu,HIGH,11266.98380846752,1.298816000111401,1.116757000090729,250,False,1,fifo
req_00234,nlp,MID,11286.925042002245,8.974747999804094,8.923237000090012,500,False,1,fifo
req_00235,icu,HIGH,11502.063650038737,1.4136890000663698,1.1716799999703653,250,False,1,fifo
req_00236,nlp,MID,11505.083449175016,8.82373599987477,8.780396000020119,500,False,1,fifo
req_00237,imaging,LOW,11506.942697956389,17.743547999998555,17.47723100015719,1000,False,1,fifo
req_00238,nlp,MID,11599.808134161687,9.265363999875262,9.171957000035036,500,False,1,fifo
req_00239,imaging,LOW,11632.077541929182,17.499008000129834,17.255376999855798,1000,False,1,fifo
req_00240,nlp,MID,11662.379846996451,9.073761999839917,9.01872800000092,500,False,1,fifo
req_00241,icu,HIGH,11760.338711570656,1.5041910000145435,1.2719000001197855,250,False,1,fifo
req_00242,imaging,LOW,11884.088696903556,17.82928500021808,17.380519999960597,1000,False,1,fifo
req_00243,imaging,LOW,11925.302617030004,17.519780999748036,17.232903999911287,1000,False,1,fifo
req_00244,icu,HIGH,12030.630386480827,1.4775640000589192,1.2548259999221045,250,False,1,fifo
req_00245,icu,HIGH,12081.15387884294,1.4551430002320558,1.2520719999429275,250,False,1,fifo
req_00246,nlp,MID,12106.22702699279,11.146057000150904,11.0819490000722,500,False,1,fifo
req_00247,icu,HIGH,12118.391652824885,1.092769999988377,0.9759439999470487,250,False,1,fifo
req_00248,icu,HIGH,12187.229915124546,1.4076049998402596,1.2039890000323794,250,False,1,fifo
req_00249,nlp,MID,12294.274097309375,9.334150000009686,9.248795000075916,500,False,1,fifo
req_00250,imaging,LOW,12427.768445552492,18.796159999910742,18.329712999957337,1000,False,1,fifo
req_00251,nlp,MID,12442.868977921557,8.882735999999568,8.841871999948125,500,False,1,fifo
req_00252,imaging,LOW,12494.158962104746,17.301080000121146,16.992870999956722,1000,False,1,fifo
req_00253,nlp,MID,12519.824133641232,8.821620999835432,8.769683000082296,500,False,1,fifo
req_00254,imaging,LOW,12605.420554630295,17.331952000036836,16.978373000029023,1000,False,1,fifo
req_00255,nlp,MID,12616.456277826866,8.862987999804318,8.817191999924034,500,False,1,fifo
req_00256,imaging,LOW,12619.403602069886,17.657401999924332,17.453017999969234,1000,False,1,fifo
req_00257,imaging,LOW,12637.449306934399,17.282245999900624,17.11255300006087,1000,False,1,fifo
req_00258,nlp,MID,12640.982325148529,9.150518000125885,9.12291700001333,500,False,1,fifo
req_00259,imaging,LOW,12664.537510104652,17.20262600015849,17.041124000115815,1000,False,1,fifo
req_00260,imaging,LOW,12688.93151051355,17.10388800012879,16.946396000093955,1000,False,1,fifo
req_00261,imaging,LOW,12694.60097012249,16.506749999942258,16.35031299997536,1000,False,1,fifo
req_00262,icu,HIGH,12848.962483964311,1.5237239999696612,1.296656000022267,250,False,1,fifo
req_00263,imaging,LOW,12864.071500619473,18.20026700012386,17.880307999803335,1000,False,1,fifo
req_00264,nlp,MID,12923.909891952817,9.504107000073418,9.345908000113923,500,False,1,fifo
req_00265,imaging,LOW,12933.945920589296,18.831455999985337,18.569194999827232,1000,False,1,fifo
req_00266,imaging,LOW,12959.38426839847,16.847469000145793,16.636712000035914,1000,False,1,fifo
req_00267,imaging,LOW,12963.896454082693,16.76425699982792,16.605607999963468,1000,False,1,fifo
req_00268,nlp,MID,12969.78855263083,8.707362999906763,8.673308999959772,500,False,1,fifo
req_00269,nlp,MID,12970.346114421383,8.23515999992378,8.187750000161031,500,False,1,fifo
req_00270,imaging,LOW,13051.114467507043,17.276549000060186,16.97352199994384,1000,False,1,fifo
req_00271,nlp,MID,13068.877204303957,8.562687000026926,8.519125000020722,500,False,1,fifo
req_00272,nlp,MID,13103.508830217354,8.897554999915883,8.833065999851897,500,False,1,fifo
req_00273,nlp,MID,13146.956154703783,8.844549000030383,8.776009000030172,500,False,1,fifo
req_00274,nlp,MID,13155.946806199721,8.843464999925345,8.809700000028897,500,False,1,fifo
req_00275,imaging,LOW,13302.604154656949,18.472148000029847,18.058389999850988,1000,False,1,fifo
req_00276,imaging,LOW,13329.936372678569,17.086229000007734,16.822701999899436,1000,False,1,fifo
req_00277,nlp,MID,13333.705134148127,8.678084999788553,8.642198999950779,500,False,1,fifo
req_00278,nlp,MID,13339.107330713121,9.007099000038579,8.977322999953685,500,False,1,fifo
req_00279,nlp,MID,13363.923995961351,8.486247999826446,8.458029000166789,500,False,1,fifo
req_00280,icu,HIGH,13370.27355305567,1.0228399999905378,0.9435130000383651,250,False,1,fifo
req_00281,imaging,LOW,13386.589880259515,17.398170999949798,17.171139000083713,1000,False,1,fifo
req_00282,icu,HIGH,13423.756618868014,1.1862439999822527,1.0613580000153888,250,False,1,fifo
req_00283,imaging,LOW,13425.83147416343,16.589869999792427,16.353191000007428,1000,False,1,fifo
req_00284,nlp,MID,13443.77621188953,8.67933200020343,8.632242999965456,500,False,1,fifo
req_00285,imaging,LOW,13522.270619801782,16.617319999728352,16.389155000069877,1000,False,1,fifo
req_00286,nlp,MID,13525.99670529082,11.573152999859303,11.537823000026037,500,False,1,fifo
req_00287,nlp,MID,13574.514603994916,8.603041999973357,8.551815999908285,500,False,1,fifo
req_00288,icu,HIGH,13577.038096292585,1.0097290000412613,0.9308149999469606,250,False,1,fifo
req_00289,imaging,LOW,13710.943535218437,17.759064000099897,17.398962000015672,1000,False,1,fifo
req_00290,icu,HIGH,13723.653329377545,1.0541630000807345,0.9706260000257316,250,False,1,fifo
req_00291,icu,HIGH,13735.90743467711,1.0411660000681877,0.8825400000205263,250,False,1,fifo
req_00292,nlp,MID,13790.412785983528,8.812542000086978,8.751867999990282,500,False,1,fifo
req_00293,imaging,LOW,13903.381131060172,20.29520700010471,19.862082999907216,1000,False,1,fifo
req_00294,imaging,LOW,14062.767977528412,18.682893000077456,18.274559000019508,1000,False,1,fifo
req_00295,imaging,LOW,14131.854287142502,17.977771000005305,17.640098999891052,1000,False,1,fifo
req_00296,imaging,LOW,14218.234868634643,17.50280199991539,17.110418999891408,1000,False,1,fifo
req_00297,imaging,LOW,14273.077181519038,17.024688000092283,16.759553999918353,1000,False,1,fifo
req_00298,nlp,MID,14282.704010527985,8.66014500008896,8.624349999990955,500,False,1,fifo
req_00299,imaging,LOW,14340.986641029265,17.94366000010632,17.62843899996369,1000,False,1,fifo
